Modal_Price,Price_Date
750,01-03-2003
750,01-06-2003
775,01-07-2003
825,01-08-2003
760,01-10-2003
775,01-11-2003
750,1/17/2003
760,1/20/2003
780,1/22/2003
760,1/29/2003
795,1/31/2003
725,02-03-2003
750,02-04-2003
760,02-05-2003
775,02-10-2003
775,2/14/2003
750,2/17/2003
725,03-05-2003
730,03-07-2003
740,03-10-2003
740,3/19/2003
730,3/21/2003
700,3/24/2003
730,3/26/2003
750,04-04-2003
740,04-07-2003
725,04-08-2003
700,04-09-2003
750,4/21/2003
775,4/28/2003
750,05-02-2003
775,05-05-2003
770,05-07-2003
750,05-09-2003
750,05-12-2003
780,06-02-2003
760,06-10-2003
760,06-12-2003
750,6/17/2003
750,6/19/2003
750,6/21/2003
700,6/24/2003
700,6/26/2003
700,6/28/2003
650,07-01-2003
650,07-03-2003
750,07-07-2003
650,07-08-2003
750,07-09-2003
650,07-11-2003
650,8/13/2003
775,8/16/2003
750,8/18/2003
700,8/22/2003
750,8/25/2003
750,8/26/2003
2800,8/29/2003
650,8/30/2003
750,09-02-2003
750,09-03-2003
750,09-06-2003
750,09-08-2003
750,09-10-2003
775,09-11-2003
750,09-12-2003
750,9/13/2003
750,9/15/2003
700,9/16/2003
700,9/18/2003
700,9/19/2003
700,9/20/2003
700,9/21/2003
725,9/23/2003
775,9/24/2003
700,9/27/2003
700,9/29/2003
750,9/30/2003
750,08-10-2004
750,9/13/2004
750,9/23/2004
750,9/24/2004
775,10-01-2004
750,10-04-2004
800,10-05-2004
775,10-06-2004
750,10-11-2004
700,10-12-2004
800,10/28/2004
750,10/29/2004
800,10/30/2004
800,11-01-2004
800,11-02-2004
825,11-03-2004
750,11/16/2004
750,11/17/2004
925,11/23/2004
750,12-03-2004
800,12-06-2004
800,12-07-2004
800,12-08-2004
800,12-09-2004
885,12-10-2004
885,12/13/2004
905,12/14/2004
800,12/23/2004
800,1/20/2005
1200,1/22/2005
800,1/27/2005
800,02-01-2005
800,02-02-2005
800,2/23/2005
800,2/26/2005
700,2/28/2005
700,03-01-2005
700,03-02-2005
700,03-04-2005
800,03-07-2005
800,03-12-2005
700,3/14/2005
750,3/15/2005
700,3/16/2005
750,3/17/2005
750,3/18/2005
800,5/27/2005
800,5/28/2005
950,9/25/2005
800,9/26/2005
1000,9/27/2005
850,10-05-2005
800,10-06-2005
800,10/14/2005
800,10/15/2005
850,10/17/2005
850,10/18/2005
800,10/20/2005
850,10/22/2005
800,10/25/2005
990,11/29/2005
800,12-07-2005
800,12-08-2005
800,12-09-2005
800,12-10-2005
800,12/14/2005
800,12/15/2005
800,12/16/2005
800,12/17/2005
850,12/18/2005
800,12/19/2005
800,12/20/2005
800,12/21/2005
800,12/22/2005
800,12/23/2005
800,12/24/2005
900,12/26/2005
800,12/28/2005
800,12/29/2005
900,01-01-2006
800,1/17/2006
1000,1/18/2006
900,1/19/2006
900,1/20/2006
900,1/21/2006
825,1/22/2006
1000,1/23/2006
900,1/24/2006
900,1/25/2006
900,1/27/2006
900,1/28/2006
738,1/29/2006
900,1/30/2006
900,1/31/2006
900,02-01-2006
900,02-02-2006
800,02-03-2006
900,02-04-2006
800,02-06-2006
800,02-07-2006
850,02-09-2006
800,02-10-2006
800,02-11-2006
800,2/13/2006
800,2/14/2006
800,2/15/2006
800,2/16/2006
875,2/17/2006
800,2/18/2006
787,2/20/2006
787,2/21/2006
800,2/22/2006
807,2/23/2006
845,2/24/2006
846,2/25/2006
863,2/27/2006
810,2/28/2006
792,03-01-2006
840,03-02-2006
837,03-03-2006
840,03-04-2006
825,03-05-2006
855,03-06-2006
800,03-07-2006
861,03-08-2006
800,03-09-2006
800,03-10-2006
800,03-11-2006
800,03-12-2006
846,3/13/2006
839,3/14/2006
808,3/16/2006
847,3/17/2006
739,3/18/2006
725,3/19/2006
752,3/20/2006
800,3/21/2006
754,3/22/2006
753,3/23/2006
800,3/24/2006
768,3/25/2006
715,3/26/2006
776,3/27/2006
900,3/28/2006
705,3/29/2006
765,3/31/2006
875,04-01-2006
700,04-02-2006
772,04-03-2006
785,04-04-2006
800,04-05-2006
788,04-06-2006
800,04-07-2006
840,04-08-2006
800,04-09-2006
863,04-10-2006
875,04-12-2006
864,4/15/2006
795,4/16/2006
900,4/17/2006
869,4/18/2006
1000,4/22/2006
880,4/23/2006
1100,4/24/2006
1100,4/26/2006
900,4/28/2006
1100,4/29/2006
880,4/30/2006
900,05-04-2006
950,05-07-2006
900,05-09-2006
915,05-10-2006
967,05-11-2006
1000,05-12-2006
980,5/14/2006
943,5/15/2006
900,5/16/2006
900,5/17/2006
912,5/21/2006
900,5/22/2006
1000,5/24/2006
900,5/25/2006
912,5/28/2006
900,5/29/2006
900,5/30/2006
1000,5/31/2006
1000,06-01-2006
1000,06-02-2006
900,06-03-2006
935,06-04-2006
900,06-05-2006
900,06-06-2006
896,06-07-2006
898,06-08-2006
1000,06-12-2006
900,6/13/2006
1000,6/14/2006
900,6/15/2006
1000,6/16/2006
900,6/17/2006
1000,6/19/2006
925,6/21/2006
1000,6/22/2006
1000,6/23/2006
875,6/25/2006
1000,07-12-2006
1000,7/13/2006
1000,7/14/2006
1000,7/17/2006
1000,7/18/2006
1000,7/19/2006
1000,7/20/2006
1000,7/26/2006
1000,7/27/2006
1100,7/28/2006
925,7/30/2006
1000,7/31/2006
1000,08-01-2006
1000,08-02-2006
1000,08-03-2006
1000,08-04-2006
900,08-07-2006
1000,08-08-2006
940,08-11-2006
975,8/13/2006
940,8/14/2006
940,8/16/2006
1100,8/17/2006
1000,8/18/2006
1100,8/19/2006
1030,8/20/2006
1000,8/21/2006
1000,8/22/2006
950,8/24/2006
1000,8/26/2006
1030,8/27/2006
1013,8/28/2006
1050,8/30/2006
1012,8/31/2006
1000,09-02-2006
1050,09-03-2006
1000,09-04-2006
1000,09-05-2006
1000,09-06-2006
1100,09-07-2006
1000,09-08-2006
1000,09-09-2006
1100,09-10-2006
1000,09-11-2006
1000,09-12-2006
1100,9/13/2006
1100,9/14/2006
1050,9/15/2006
1000,9/16/2006
1050,9/17/2006
1100,9/18/2006
1000,9/19/2006
1100,9/20/2006
1050,9/22/2006
1050,9/23/2006
1025,9/24/2006
1100,9/25/2006
1025,9/26/2006
1015,9/27/2006
1041,9/28/2006
1025,9/29/2006
1025,9/30/2006
1035,10-03-2006
1041,10-04-2006
1050,10-05-2006
1029,10-06-2006
1060,10-07-2006
975,10-08-2006
1062,10-09-2006
1011,10-10-2006
1051,10-11-2006
1010,10-12-2006
1110,10/13/2006
1010,10/14/2006
1025,10/15/2006
1025,10/16/2006
1025,10/17/2006
1000,10/18/2006
1000,10/20/2006
1020,10/25/2006
1011,10/26/2006
1041,10/27/2006
1011,10/28/2006
1090,10/30/2006
1112,10/31/2006
1113,11-01-2006
1125,11-03-2006
1113,11-04-2006
1122,11-06-2006
1125,11-07-2006
1125,11-08-2006
1125,11-09-2006
1148,11-10-2006
1102,11-11-2006
1180,11/13/2006
1149,11/14/2006
1145,11/15/2006
1145,11/16/2006
1143,11/17/2006
1168,11/18/2006
1000,11/19/2006
1025,11/20/2006
1220,11/21/2006
1121,11/27/2006
1050,11/28/2006
1000,11/29/2006
1132,11/30/2006
1000,12-01-2006
1025,12-03-2006
1127,12-04-2006
1125,12-05-2006
1167,12-06-2006
1015,12-08-2006
1145,12-09-2006
1088,12-10-2006
1205,12-12-2006
1230,12/13/2006
1230,12/15/2006
1000,12/16/2006
1150,12/17/2006
1200,12/18/2006
1000,12/22/2006
1050,12/23/2006
1138,12/24/2006
1060,12/25/2006
1025,12/26/2006
1000,12/27/2006
1165,12/28/2006
1222,12/29/2006
1147,12/30/2006
1125,12/31/2006
1287,01-03-2007
1233,01-04-2007
1195,01-05-2007
1147,01-06-2007
1125,01-07-2007
1175,01-11-2007
1145,01-12-2007
1212,1/13/2007
1125,1/14/2007
1115,1/16/2007
1115,1/17/2007
1225,1/20/2007
1137,1/21/2007
1080,1/22/2007
1265,1/23/2007
1115,1/27/2007
1010,1/28/2007
1085,1/29/2007
1051,1/30/2007
1085,1/31/2007
1087,02-01-2007
1056,02-02-2007
1050,02-04-2007
965,02-05-2007
1075,02-06-2007
1057,02-07-2007
1057,02-08-2007
1070,02-09-2007
1113,02-10-2007
1100,02-11-2007
1087,02-12-2007
1114,2/13/2007
1115,2/14/2007
1094,2/15/2007
1048,2/16/2007
1025,2/17/2007
1025,2/18/2007
1012,2/19/2007
970,2/20/2007
962,2/21/2007
935,2/22/2007
985,2/23/2007
950,2/24/2007
1010,2/25/2007
957,2/26/2007
934,2/27/2007
920,2/28/2007
916,03-01-2007
905,03-02-2007
900,03-04-2007
927,03-05-2007
890,03-06-2007
895,03-07-2007
938,03-08-2007
945,03-09-2007
927,03-10-2007
960,03-12-2007
941,3/13/2007
959,3/14/2007
992,3/15/2007
995,3/16/2007
1006,3/17/2007
975,3/18/2007
1008,3/19/2007
982,3/20/2007
1020,3/21/2007
1020,3/22/2007
1085,3/23/2007
1048,3/24/2007
1028,3/26/2007
1043,3/27/2007
1023,3/28/2007
1025,3/29/2007
1003,3/30/2007
1013,3/31/2007
1000,04-01-2007
1026,04-02-2007
1016,04-03-2007
1020,04-04-2007
1010,04-05-2007
1000,04-06-2007
1000,04-07-2007
1005,04-08-2007
1020,04-09-2007
1010,04-10-2007
1126,04-11-2007
1074,04-12-2007
1110,4/13/2007
970,4/15/2007
1000,4/16/2007
970,4/17/2007
970,4/18/2007
950,4/19/2007
970,4/20/2007
955,4/22/2007
955,4/23/2007
965,4/24/2007
965,4/25/2007
950,4/26/2007
950,4/27/2007
930,4/28/2007
965,4/29/2007
975,4/30/2007
930,05-04-2007
940,05-05-2007
930,05-06-2007
930,05-07-2007
1100,05-12-2007
970,5/15/2007
925,5/16/2007
930,5/18/2007
925,5/20/2007
920,5/21/2007
925,5/22/2007
930,5/23/2007
930,5/25/2007
915,5/26/2007
950,5/29/2007
960,5/30/2007
947,06-01-2007
951,06-02-2007
960,06-03-2007
1075,06-04-2007
1046,06-05-2007
1040,06-06-2007
1010,06-07-2007
1010,06-08-2007
1022,06-09-2007
925,06-10-2007
1010,06-11-2007
1022,06-12-2007
1020,6/13/2007
1003,6/14/2007
975,6/15/2007
1019,6/16/2007
1024,6/18/2007
940,6/19/2007
1020,6/20/2007
950,6/22/2007
1006,6/23/2007
1044,6/25/2007
1044,6/26/2007
1049,6/27/2007
1044,6/29/2007
1043,6/30/2007
1045,07-02-2007
1040,07-03-2007
1065,07-04-2007
1045,07-05-2007
1075,07-06-2007
1065,07-07-2007
1082,07-09-2007
1070,07-10-2007
1070,07-11-2007
925,7/15/2007
1045,7/17/2007
2400,7/18/2007
1050,7/19/2007
1050,7/20/2007
925,7/21/2007
950,7/23/2007
1000,7/24/2007
950,7/25/2007
1065,7/26/2007
1000,7/27/2007
1039,7/28/2007
1074,7/30/2007
1073,7/31/2007
1092,08-01-2007
1051,08-02-2007
1034,08-03-2007
1034,08-04-2007
1040,08-05-2007
1014,08-06-2007
1026,08-07-2007
1026,08-08-2007
1028,08-09-2007
1038,08-10-2007
1026,08-11-2007
1090,08-12-2007
1036,8/13/2007
1031,8/14/2007
1040,8/16/2007
1034,8/17/2007
1030,8/19/2007
1035,8/20/2007
1035,8/21/2007
1030,8/22/2007
1030,8/24/2007
1040,8/26/2007
950,8/27/2007
960,8/28/2007
1000,8/29/2007
1054,8/30/2007
1070,8/31/2007
1100,09-01-2007
1025,09-02-2007
1000,09-03-2007
950,09-04-2007
850,09-05-2007
1042,09-07-2007
950,09-08-2007
1060,09-12-2007
1075,9/13/2007
1065,9/14/2007
1025,9/16/2007
950,9/17/2007
1087,9/18/2007
1100,9/21/2007
1000,9/22/2007
1000,9/24/2007
1057,9/26/2007
1040,10-02-2007
1026,10-03-2007
1000,10-07-2007
1050,10-09-2007
1025,10-10-2007
1075,10-11-2007
1075,10/13/2007
1060,10/15/2007
1065,10/16/2007
1075,10/17/2007
1050,10/18/2007
950,10/19/2007
1080,10/20/2007
1095,10/24/2007
950,10/26/2007
1000,10/27/2007
950,10/29/2007
1101,11-01-2007
1000,11-02-2007
1000,11-03-2007
1075,11-04-2007
1075,11-06-2007
1045,11/13/2007
1065,11/14/2007
1085,11/16/2007
1110,11/18/2007
1000,11/19/2007
1000,11/24/2007
1000,11/30/2007
950,12-03-2007
1000,12-05-2007
1000,12-07-2007
1050,12-08-2007
1000,12-10-2007
1000,12/16/2007
1050,12/18/2007
1112,12/27/2007
1000,12/28/2007
1020,12/29/2007
1000,01-06-2008
1044,01-10-2008
1083,01-11-2008
1035,1/13/2008
1000,1/18/2008
1020,1/20/2008
1000,1/21/2008
1050,1/22/2008
1095,1/23/2008
1094,1/24/2008
1000,1/25/2008
1020,1/27/2008
1045,1/28/2008
1051,1/29/2008
1068,1/30/2008
1035,02-03-2008
1112,02-05-2008
1069,02-06-2008
1087,02-07-2008
1076,02-08-2008
1030,02-10-2008
1048,02-12-2008
1063,2/13/2008
1090,2/14/2008
1107,2/15/2008
1081,2/16/2008
1107,2/19/2008
1050,2/20/2008
950,2/21/2008
1146,2/22/2008
1075,2/23/2008
1230,2/24/2008
1129,2/25/2008
1168,2/26/2008
1070,2/27/2008
1105,2/28/2008
1100,2/29/2008
1191,03-01-2008
1000,03-02-2008
1131,03-03-2008
1130,03-04-2008
1130,03-05-2008
1145,03-07-2008
1163,03-09-2008
1187,03-10-2008
1200,03-11-2008
1145,03-12-2008
1195,3/13/2008
1189,3/14/2008
1189,3/15/2008
1050,3/16/2008
1163,3/17/2008
1113,3/18/2008
1150,3/19/2008
1107,3/20/2008
1100,3/24/2008
1082,3/25/2008
1125,3/26/2008
1038,3/27/2008
1136,3/28/2008
1000,3/29/2008
1088,3/30/2008
1092,3/31/2008
1050,04-01-2008
1082,04-02-2008
1058,04-03-2008
1100,04-04-2008
1290,04-05-2008
950,04-08-2008
1021,04-09-2008
1072,04-10-2008
1000,4/13/2008
1010,4/15/2008
975,4/16/2008
1020,4/22/2008
1000,4/23/2008
900,4/24/2008
1000,4/28/2008
1035,4/29/2008
1000,4/30/2008
1125,05-04-2008
975,05-06-2008
1100,05-07-2008
1167,05-08-2008
1150,05-09-2008
1025,05-11-2008
1025,5/18/2008
1185,5/23/2008
1000,5/24/2008
1000,5/25/2008
1190,5/26/2008
1050,06-02-2008
1050,06-03-2008
1167,6/27/2008
1112,6/28/2008
1210,7/29/2008
1240,7/30/2008
1225,08-07-2008
1195,08-08-2008
1091,08-12-2008
1100,8/28/2008
1100,09-05-2008
1079,09-11-2008
1080,9/15/2008
1076,9/23/2008
1065,9/24/2008
1070,9/26/2008
1080,9/27/2008
1080,9/28/2008
1027,9/29/2008
950,10-01-2008
1045,10-02-2008
1000,10-04-2008
950,10-05-2008
950,10-06-2008
950,10-08-2008
1097,10-10-2008
1117,10-11-2008
950,10-12-2008
1088,10/13/2008
1016,10/14/2008
1064,10/15/2008
1030,10/16/2008
1047,10/17/2008
950,10/18/2008
1000,10/19/2008
950,10/20/2008
950,10/21/2008
1050,10/22/2008
1075,10/23/2008
1102,10/24/2008
1000,10/25/2008
1102,10/31/2008
1000,11-01-2008
1105,11-03-2008
1070,11-04-2008
1110,11-05-2008
1106,11-06-2008
1106,11-07-2008
1106,11-08-2008
1106,11-10-2008
1111,11-11-2008
1123,11-12-2008
1156,11/14/2008
1178,11/15/2008
1156,11/17/2008
1155,11/18/2008
1106,11/20/2008
1110,11/21/2008
1131,11/22/2008
1131,11/24/2008
1123,11/25/2008
1202,11/26/2008
1186,11/28/2008
1155,11/29/2008
1050,12-01-2008
1135,12-02-2008
1138,12-03-2008
1161,12-04-2008
1158,12-05-2008
1162,12-06-2008
1096,12-08-2008
1115,12-10-2008
1115,12-11-2008
1171,12-12-2008
1158,12/13/2008
1126,12/15/2008
1170,12/16/2008
1176,12/17/2008
1181,12/18/2008
1192,12/19/2008
1075,12/20/2008
1050,12/22/2008
1176,12/23/2008
1100,12/25/2008
1170,12/26/2008
1100,12/27/2008
1180,12/29/2008
1150,12/30/2008
1160,12/31/2008
1150,01-01-2009
1215,01-02-2009
1166,01-03-2009
1175,01-05-2009
1181,01-06-2009
1150,01-07-2009
1216,01-09-2009
1206,01-12-2009
1171,1/13/2009
1125,1/16/2009
1180,1/19/2009
1143,1/20/2009
1177,1/21/2009
1191,1/22/2009
1203,1/23/2009
1193,1/24/2009
1136,1/27/2009
1171,1/28/2009
1170,1/29/2009
1100,1/30/2009
1140,1/31/2009
1125,02-02-2009
1231,02-03-2009
1155,02-04-2009
1138,02-05-2009
1170,02-06-2009
1181,02-07-2009
1171,02-09-2009
1171,02-10-2009
1171,2/13/2009
1275,2/14/2009
1195,2/16/2009
1206,2/17/2009
1235,2/18/2009
1140,2/20/2009
1135,2/21/2009
1140,2/23/2009
1185,2/24/2009
1100,2/25/2009
1175,2/28/2009
1221,03-02-2009
1231,03-03-2009
1230,03-04-2009
1097,03-05-2009
1211,03-06-2009
1245,03-07-2009
1105,03-09-2009
1147,03-12-2009
1242,3/13/2009
1227,3/14/2009
1227,3/16/2009
1268,3/17/2009
1152,3/18/2009
1140,3/19/2009
1135,3/20/2009
1132,3/21/2009
1215,3/23/2009
1125,3/24/2009
1149,3/25/2009
1050,3/28/2009
1075,3/30/2009
1100,3/31/2009
1111,04-01-2009
1231,04-02-2009
1100,04-04-2009
1303,04-06-2009
1296,04-08-2009
1306,04-11-2009
1300,4/13/2009
1315,4/15/2009
1425,4/17/2009
1450,4/18/2009
1470,4/20/2009
1196,4/21/2009
1207,4/22/2009
1525,4/23/2009
1346,4/24/2009
1100,4/25/2009
1100,4/27/2009
1356,4/28/2009
1326,4/29/2009
1326,4/30/2009
1301,05-02-2009
1315,05-04-2009
1346,05-05-2009
1291,05-06-2009
1162,05-07-2009
1342,05-11-2009
1324,05-12-2009
1325,5/13/2009
1346,5/14/2009
1160,5/15/2009
1195,5/17/2009
1323,5/18/2009
1316,5/19/2009
1346,5/20/2009
1386,5/21/2009
1357,5/22/2009
1441,5/23/2009
1175,5/24/2009
1353,5/25/2009
1368,5/26/2009
1358,5/27/2009
1368,5/28/2009
1398,5/29/2009
1200,5/30/2009
1130,5/31/2009
1230,06-01-2009
1163,06-02-2009
1358,06-03-2009
1180,06-04-2009
1200,06-05-2009
1180,06-06-2009
1163,06-07-2009
1410,06-08-2009
1175,06-09-2009
1261,06-10-2009
1200,06-11-2009
1420,06-12-2009
1188,6/14/2009
1350,6/15/2009
1190,6/16/2009
1370,6/17/2009
1150,6/18/2009
1350,6/19/2009
1160,6/21/2009
1190,6/22/2009
1165,6/23/2009
1212,6/24/2009
1158,6/25/2009
1247,6/26/2009
1160,6/28/2009
1221,6/29/2009
1170,6/30/2009
1283,07-01-2009
1163,07-05-2009
1344,07-06-2009
1173,07-07-2009
1346,07-08-2009
1173,07-09-2009
1317,07-10-2009
1175,07-12-2009
1521,7/13/2009
1225,7/14/2009
1514,7/15/2009
1225,7/16/2009
1404,7/17/2009
1200,7/19/2009
1400,7/20/2009
1225,7/21/2009
1225,7/22/2009
1235,7/23/2009
1339,7/24/2009
1300,7/25/2009
1225,7/26/2009
1398,7/27/2009
1230,7/28/2009
1312,7/29/2009
1225,7/30/2009
1373,7/31/2009
1250,08-02-2009
1235,08-03-2009
1205,08-04-2009
1225,08-05-2009
1225,08-06-2009
1404,08-07-2009
1300,08-08-2009
1325,08-09-2009
0,08-10-2009
0,08-11-2009
1342,08-12-2009
1300,8/13/2009
1240,8/14/2009
1275,8/16/2009
1403,8/17/2009
1300,8/18/2009
1280,8/19/2009
1295,8/21/2009
1305,8/23/2009
1288,8/24/2009
1300,8/25/2009
1406,8/26/2009
1295,8/27/2009
1335,8/30/2009
1300,09-01-2009
1426,09-02-2009
1303,09-03-2009
1238,09-04-2009
1275,09-06-2009
1384,09-07-2009
1300,09-08-2009
1401,09-09-2009
1319,09-10-2009
1337,09-11-2009
1313,9/13/2009
1225,9/14/2009
1225,9/15/2009
1293,9/16/2009
1300,9/17/2009
1305,9/18/2009
1250,9/19/2009
1263,9/20/2009
1300,9/21/2009
1300,9/22/2009
1388,9/23/2009
1273,9/24/2009
1393,9/25/2009
1200,9/26/2009
1275,9/27/2009
1275,9/29/2009
1353,9/30/2009
1313,10-01-2009
1200,10-03-2009
1288,10-04-2009
1353,10-05-2009
1275,10-06-2009
1374,10-07-2009
1290,10-08-2009
1237,10-09-2009
1275,10-11-2009
1250,10-12-2009
1290,10/14/2009
1300,10/15/2009
1300,10/16/2009
1295,10/18/2009
1325,10/20/2009
1461,10/21/2009
1380,10/22/2009
1377,10/23/2009
1300,10/25/2009
1380,10/26/2009
1300,10/27/2009
1399,10/28/2009
1300,10/29/2009
1487,10/30/2009
1425,11-01-2009
1450,11-03-2009
1517,11-04-2009
1525,11-05-2009
1587,11-06-2009
1475,11-08-2009
1650,11-09-2009
1375,11-10-2009
1630,11-11-2009
1300,11-12-2009
1625,11/13/2009
1400,11/15/2009
1525,11/16/2009
1625,11/17/2009
1480,11/18/2009
1475,11/19/2009
1625,11/20/2009
1400,11/22/2009
1625,11/23/2009
1450,11/24/2009
1625,11/25/2009
1450,11/26/2009
1712,11/27/2009
1450,11/29/2009
1600,11/30/2009
1458,12-01-2009
1490,12-02-2009
1450,12-03-2009
1625,12-04-2009
1400,12-05-2009
1450,12-06-2009
1500,12-07-2009
1350,12-08-2009
1625,12-09-2009
1313,12-10-2009
1638,12-11-2009
1550,12/13/2009
1687,12/14/2009
1300,12/15/2009
1500,12/16/2009
1300,12/17/2009
1750,12/18/2009
1500,12/20/2009
1667,12/21/2009
1575,12/22/2009
1650,12/23/2009
1500,12/27/2009
1350,12/29/2009
1650,12/30/2009
1525,12/31/2009
1600,01-01-2010
1575,01-03-2010
1651,01-04-2010
1600,01-05-2010
1650,01-06-2010
1500,01-07-2010
1628,01-08-2010
1563,01-09-2010
1575,01-10-2010
1496,01-11-2010
1600,01-12-2010
1476,1/13/2010
1653,1/14/2010
1375,1/15/2010
1600,1/17/2010
1455,1/18/2010
1487,1/19/2010
1503,1/20/2010
1510,1/21/2010
1550,1/22/2010
1535,1/23/2010
1600,1/24/2010
1450,1/25/2010
1500,1/27/2010
1525,1/28/2010
1505,1/29/2010
1400,1/30/2010
1550,1/31/2010
1518,02-01-2010
1600,02-02-2010
1525,02-03-2010
1338,02-04-2010
1500,02-05-2010
1387,02-06-2010
1525,02-07-2010
1525,02-08-2010
1400,02-09-2010
1300,02-10-2010
1388,02-11-2010
1395,02-12-2010
1375,2/14/2010
1300,2/15/2010
1400,2/16/2010
1375,2/17/2010
1470,2/18/2010
1300,2/19/2010
1379,2/20/2010
1400,2/21/2010
1450,2/22/2010
1327,2/23/2010
1375,2/24/2010
1238,2/25/2010
1805,2/26/2010
1275,2/28/2010
1305,03-02-2010
1288,03-03-2010
1275,03-04-2010
1250,03-05-2010
1250,03-06-2010
1300,03-07-2010
1240,03-08-2010
1387,03-09-2010
1275,03-10-2010
1311,03-11-2010
1249,03-12-2010
1263,3/14/2010
1270,3/15/2010
1450,3/17/2010
1327,3/18/2010
1365,3/19/2010
1350,3/20/2010
1325,3/21/2010
1525,3/22/2010
1300,3/23/2010
1250,3/24/2010
1285,3/25/2010
1550,3/26/2010
1305,3/27/2010
1325,3/28/2010
1350,3/29/2010
1200,3/30/2010
1200,3/31/2010
1250,04-01-2010
1144,04-03-2010
1300,04-04-2010
1445,04-05-2010
1175,04-06-2010
1900,04-07-2010
1175,04-08-2010
1571,04-09-2010
1200,04-10-2010
1400,04-11-2010
1587,04-12-2010
1400,4/13/2010
1375,4/15/2010
1656,4/16/2010
1250,4/17/2010
1325,4/18/2010
1675,4/19/2010
1250,4/20/2010
1525,4/21/2010
1298,4/22/2010
1515,4/23/2010
1300,4/24/2010
1200,4/25/2010
1550,4/26/2010
1200,4/27/2010
1493,4/28/2010
1210,4/29/2010
1646,4/30/2010
1545,05-03-2010
1188,05-04-2010
1500,05-05-2010
1200,05-06-2010
1550,05-07-2010
1250,05-08-2010
1300,05-09-2010
1500,05-10-2010
1250,05-11-2010
1550,05-12-2010
1325,5/13/2010
1300,5/14/2010
1300,5/16/2010
1650,5/17/2010
1300,5/18/2010
1350,5/19/2010
1325,5/20/2010
1300,5/21/2010
1250,5/23/2010
1375,5/24/2010
1325,5/25/2010
1377,5/26/2010
1425,5/28/2010
1300,5/30/2010
1400,5/31/2010
1300,06-01-2010
1350,06-02-2010
1300,06-03-2010
1425,06-04-2010
1350,06-05-2010
1300,06-06-2010
1300,06-07-2010
1300,06-08-2010
1575,06-09-2010
1300,06-10-2010
1500,06-11-2010
1300,06-12-2010
1300,6/13/2010
1525,6/14/2010
1375,6/15/2010
1550,6/16/2010
1425,6/17/2010
1500,6/18/2010
1300,6/19/2010
1200,6/20/2010
1425,6/21/2010
1300,6/22/2010
1500,6/23/2010
1200,6/24/2010
1500,6/25/2010
1350,6/27/2010
1350,6/28/2010
1125,6/29/2010
1325,6/30/2010
1300,07-01-2010
1320,07-02-2010
1300,07-04-2010
1150,07-06-2010
1400,07-07-2010
1280,07-08-2010
1250,07-09-2010
1250,07-10-2010
1200,07-11-2010
1375,07-12-2010
1400,7/13/2010
1275,7/14/2010
1350,7/15/2010
1475,7/16/2010
1250,7/17/2010
1325,7/18/2010
1425,7/19/2010
1425,7/20/2010
1400,7/21/2010
1400,7/22/2010
1425,7/23/2010
1500,7/26/2010
1300,7/27/2010
1400,7/28/2010
1418,7/29/2010
1300,08-01-2010
1400,08-02-2010
1400,08-03-2010
1300,08-04-2010
1450,08-05-2010
1440,08-06-2010
1300,08-08-2010
1375,08-09-2010
1445,08-10-2010
1402,08-11-2010
1340,08-12-2010
1350,8/15/2010
1500,8/16/2010
1280,8/17/2010
1450,8/18/2010
1250,8/19/2010
1425,8/20/2010
1280,8/22/2010
1350,8/23/2010
1300,8/24/2010
1400,8/25/2010
1250,8/26/2010
1135,8/27/2010
1300,8/28/2010
1250,8/29/2010
1390,8/30/2010
1338,8/31/2010
1330,09-01-2010
1445,09-02-2010
1367,09-03-2010
1200,09-04-2010
1265,09-05-2010
1202,09-06-2010
1265,09-07-2010
1200,09-09-2010
1200,09-10-2010
1250,09-11-2010
1200,09-12-2010
1300,9/13/2010
1310,9/14/2010
1425,9/15/2010
1250,9/16/2010
1351,9/17/2010
1175,9/19/2010
1200,9/20/2010
1215,9/21/2010
1220,9/22/2010
1258,9/23/2010
1197,9/24/2010
1250,9/26/2010
1238,9/27/2010
1205,9/28/2010
1278,9/29/2010
1270,9/30/2010
1250,10-01-2010
1250,10-02-2010
1225,10-03-2010
1427,10-04-2010
1230,10-05-2010
1211,10-06-2010
1260,10-07-2010
1275,10-08-2010
1250,10-09-2010
1270,10-10-2010
1311,10-11-2010
1200,10-12-2010
1285,10/13/2010
1382,10/14/2010
1330,10/15/2010
1225,10/17/2010
1230,10/18/2010
1320,10/19/2010
1260,10/20/2010
1335,10/21/2010
1325,10/22/2010
1375,10/23/2010
1425,10/25/2010
1385,10/26/2010
1365,10/27/2010
1340,10/28/2010
1360,10/29/2010
1365,10/31/2010
1395,11-01-2010
1360,11-03-2010
1360,11-07-2010
1365,11-09-2010
1380,11-10-2010
1200,11-11-2010
1250,11-12-2010
1380,11/14/2010
1325,11/15/2010
1340,11/16/2010
1250,11/17/2010
1300,11/18/2010
1350,11/19/2010
1355,11/20/2010
1355,11/21/2010
1400,11/22/2010
1400,11/25/2010
1300,11/28/2010
1360,11/30/2010
1200,12-02-2010
1400,12-05-2010
1350,12-06-2010
1360,12-08-2010
1375,12-09-2010
1370,12-10-2010
1380,12-12-2010
1547,12/13/2010
1380,12/19/2010
1350,12/25/2010
1380,12/26/2010
1420,12/27/2010
1450,01-02-2011
1680,01-03-2011
1250,01-05-2011
1482,01-06-2011
1555,01-10-2011
1400,01-12-2011
1447,1/13/2011
1400,1/14/2011
1600,1/16/2011
1585,1/17/2011
1400,1/18/2011
1350,1/20/2011
1510,1/21/2011
1640,1/23/2011
1400,1/24/2011
1500,1/27/2011
1200,1/29/2011
1600,1/30/2011
1250,1/31/2011
1600,02-01-2011
1605,02-02-2011
1620,02-03-2011
1340,02-06-2011
1170,02-11-2011
1250,02-12-2011
1550,2/13/2011
1550,2/14/2011
1250,2/16/2011
1540,2/17/2011
1300,2/18/2011
1400,2/20/2011
1250,2/21/2011
1200,2/22/2011
1360,2/24/2011
1350,2/25/2011
1350,2/26/2011
1325,2/27/2011
1350,2/28/2011
1300,03-01-2011
1330,03-03-2011
1300,03-06-2011
1295,03-07-2011
1280,03-08-2011
1230,03-09-2011
1180,03-10-2011
1305,03-11-2011
1200,03-12-2011
1300,3/13/2011
1200,3/14/2011
1190,3/15/2011
1200,3/16/2011
1247,3/17/2011
1210,3/18/2011
1300,3/19/2011
1200,3/21/2011
1200,3/22/2011
1170,3/23/2011
1190,3/24/2011
1200,3/25/2011
1170,3/27/2011
1115,3/28/2011
1120,3/29/2011
1325,3/30/2011
1115,3/31/2011
1150,04-01-2011
1150,04-03-2011
1175,04-05-2011
1125,04-06-2011
1120,04-07-2011
1244,04-08-2011
1290,04-09-2011
1115,04-10-2011
1100,04-11-2011
1100,04-12-2011
1220,4/13/2011
1100,4/15/2011
1130,4/17/2011
1111,4/18/2011
1100,4/19/2011
1120,4/20/2011
1115,4/21/2011
1100,4/24/2011
1100,4/25/2011
1100,4/26/2011
1100,4/27/2011
1225,4/28/2011
1225,4/29/2011
1100,4/30/2011
1130,05-01-2011
1150,05-02-2011
1155,05-03-2011
1155,05-04-2011
1145,05-05-2011
1160,05-06-2011
1325,05-08-2011
1300,05-09-2011
1291,05-10-2011
1250,05-11-2011
1302,05-12-2011
1263,5/13/2011
1298,5/14/2011
1255,5/15/2011
1260,5/16/2011
1266,5/18/2011
1270,5/19/2011
1210,5/20/2011
1294,5/21/2011
1210,5/22/2011
1195,5/23/2011
1200,5/24/2011
1220,5/25/2011
1175,5/26/2011
1200,5/27/2011
1150,5/29/2011
1165,5/30/2011
1205,5/31/2011
1150,06-01-2011
1210,06-02-2011
1320,06-03-2011
1150,06-04-2011
1100,06-05-2011
1200,06-06-2011
1210,06-07-2011
1210,06-08-2011
1100,06-09-2011
1200,06-10-2011
1210,06-11-2011
1100,06-12-2011
1100,6/13/2011
1200,6/14/2011
1200,6/16/2011
1300,6/17/2011
1200,6/18/2011
1150,6/19/2011
1100,6/20/2011
1100,6/21/2011
1100,6/22/2011
1100,6/23/2011
1365,6/24/2011
1255,6/26/2011
1100,6/27/2011
1305,6/28/2011
1240,6/29/2011
1300,6/30/2011
1270,07-01-2011
1200,07-02-2011
1125,07-03-2011
1110,07-04-2011
1250,07-05-2011
1125,07-06-2011
1310,07-07-2011
1100,07-08-2011
1165,07-10-2011
1150,07-12-2011
1125,7/13/2011
1125,7/14/2011
1170,7/15/2011
1150,7/17/2011
1150,7/18/2011
1150,7/19/2011
1150,7/20/2011
1150,7/21/2011
1150,7/22/2011
1130,7/23/2011
1175,7/24/2011
1200,7/26/2011
1200,7/27/2011
1175,7/28/2011
1200,7/29/2011
1150,7/30/2011
1150,7/31/2011
1175,08-02-2011
1150,08-03-2011
1200,08-04-2011
1175,08-05-2011
1150,08-07-2011
1150,08-08-2011
1300,08-09-2011
1125,08-10-2011
1150,08-11-2011
1200,08-12-2011
1100,8/13/2011
1175,8/14/2011
1225,8/16/2011
1150,8/17/2011
1250,8/20/2011
1150,8/21/2011
1150,8/22/2011
1135,8/23/2011
1200,8/24/2011
1175,8/25/2011
1150,09-02-2011
1150,09-06-2011
1250,09-07-2011
1200,09-09-2011
1175,09-10-2011
1150,09-11-2011
1175,09-12-2011
1175,9/14/2011
1250,9/15/2011
1170,9/19/2011
1225,9/20/2011
1200,9/21/2011
1175,9/22/2011
1200,9/23/2011
1250,9/26/2011
1200,9/30/2011
1200,10/14/2011
1200,10/19/2011
1200,10/24/2011
1200,11-02-2011
1225,11-04-2011
1100,11/14/2011
1100,11/28/2011
1100,12-02-2011
1100,12-08-2011
1100,12/28/2011
1250,12/29/2011
1200,12/30/2011
1150,12/31/2011
1150,01-02-2012
1180,01-05-2012
1150,01-08-2012
1250,01-10-2012
1150,1/14/2012
1150,1/15/2012
1250,1/17/2012
1300,1/18/2012
1150,1/22/2012
1150,1/27/2012
1150,1/29/2012
1150,1/31/2012
1150,02-02-2012
1200,02-03-2012
1160,02-05-2012
1150,02-08-2012
1150,02-12-2012
1150,2/18/2012
1150,2/19/2012
1150,2/22/2012
1150,2/26/2012
1150,2/28/2012
1225,03-01-2012
1200,03-02-2012
1150,03-04-2012
1150,03-06-2012
1150,03-09-2012
1080,03-11-2012
1100,03-12-2012
1150,3/14/2012
1150,3/21/2012
1150,3/22/2012
1175,3/23/2012
1200,3/24/2012
1150,3/25/2012
1150,3/26/2012
1150,3/27/2012
1150,3/28/2012
1125,3/29/2012
1150,3/30/2012
1150,3/31/2012
1150,04-02-2012
1150,04-03-2012
1385,04-05-2012
1150,04-06-2012
1150,04-07-2012
1150,04-08-2012
1160,04-09-2012
1150,04-10-2012
1175,04-11-2012
1150,04-12-2012
1150,4/13/2012
1150,4/15/2012
1125,4/16/2012
1150,4/17/2012
1150,4/18/2012
1150,4/19/2012
1160,4/20/2012
1100,4/23/2012
1250,4/25/2012
1250,4/26/2012
1385,4/27/2012
1150,4/28/2012
1300,4/29/2012
1225,4/30/2012
1200,05-02-2012
1150,05-03-2012
1467,05-04-2012
1150,05-05-2012
1250,05-06-2012
1150,05-07-2012
1150,05-08-2012
1250,05-09-2012
1350,05-10-2012
1350,05-11-2012
1385,05-12-2012
1350,5/13/2012
1330,5/14/2012
1385,5/15/2012
1400,5/16/2012
1425,5/17/2012
1350,5/18/2012
1350,5/20/2012
1370,5/21/2012
1350,5/23/2012
1360,5/24/2012
1400,5/25/2012
1385,5/26/2012
1400,5/27/2012
1350,5/28/2012
1300,5/29/2012
1400,5/30/2012
1150,5/31/2012
1425,06-01-2012
1400,06-03-2012
1425,06-05-2012
1200,06-06-2012
1125,06-07-2012
1100,06-08-2012
1100,06-09-2012
1425,06-10-2012
1400,06-11-2012
1425,6/14/2012
1200,6/15/2012
1425,6/17/2012
1400,6/18/2012
1400,6/20/2012
1200,6/21/2012
1200,6/22/2012
1100,6/25/2012
1500,6/26/2012
1500,6/27/2012
1450,6/28/2012
1475,6/29/2012
1450,07-01-2012
1200,07-02-2012
1400,07-03-2012
1245,07-04-2012
1150,07-05-2012
1470,07-06-2012
1450,07-08-2012
1500,07-10-2012
1175,07-11-2012
1200,07-12-2012
1480,7/16/2012
1250,7/17/2012
1500,7/18/2012
1200,7/19/2012
1500,7/20/2012
1500,7/23/2012
1250,7/24/2012
1250,7/25/2012
1250,7/26/2012
1500,7/27/2012
1220,7/28/2012
1500,7/29/2012
1550,7/30/2012
1200,7/31/2012
1200,08-01-2012
1600,08-02-2012
1600,08-03-2012
1300,08-04-2012
1500,08-05-2012
1600,08-06-2012
1600,08-07-2012
1450,08-08-2012
1500,08-09-2012
1500,08-12-2012
1200,8/13/2012
1550,8/14/2012
1500,8/16/2012
1700,8/17/2012
1600,8/19/2012
1550,8/21/2012
1200,8/22/2012
1250,8/23/2012
1200,8/24/2012
1400,8/25/2012
1500,8/26/2012
1100,8/27/2012
1550,8/28/2012
1350,8/29/2012
1400,8/30/2012
1575,8/31/2012
1500,09-01-2012
1500,09-02-2012
1550,09-03-2012
1550,09-04-2012
1600,09-05-2012
1600,09-06-2012
1600,09-07-2012
1250,09-08-2012
1600,09-09-2012
1650,09-10-2012
1650,09-11-2012
1705,09-12-2012
1600,9/13/2012
1600,9/14/2012
1150,9/15/2012
1600,9/16/2012
1600,9/17/2012
1600,9/18/2012
1600,9/19/2012
1600,9/20/2012
1550,9/23/2012
1600,9/24/2012
1650,9/25/2012
1600,9/26/2012
1600,9/27/2012
1650,9/28/2012
1600,9/30/2012
1650,10-01-2012
1600,10-02-2012
1463,10-03-2012
1350,10-04-2012
1650,10-05-2012
1300,10-06-2012
1600,10-07-2012
1625,10-08-2012
1700,10-09-2012
1650,10-10-2012
1400,10-11-2012
1601,10-12-2012
1350,10/13/2012
1625,10/14/2012
1650,10/15/2012
1200,10/16/2012
1700,10/17/2012
1550,10/18/2012
1675,10/19/2012
1350,10/20/2012
1575,10/21/2012
1700,10/22/2012
1500,10/23/2012
1650,10/25/2012
1440,10/26/2012
1300,10/27/2012
1625,10/28/2012
1700,10/29/2012
1650,10/30/2012
1650,10/31/2012
1650,11-01-2012
1700,11-02-2012
1600,11-04-2012
1763,11-05-2012
1750,11-06-2012
1561,11-07-2012
1700,11-08-2012
1509,11-09-2012
1350,11-10-2012
1625,11-11-2012
1550,11/16/2012
1400,11/17/2012
1400,11/19/2012
1700,11/20/2012
1682,11/21/2012
1850,11/22/2012
1816,11/23/2012
1690,11/24/2012
1675,11/25/2012
1550,11/26/2012
1700,11/27/2012
1400,11/28/2012
1700,11/29/2012
1700,11/30/2012
1700,12-01-2012
1700,12-03-2012
1400,12-04-2012
1525,12-05-2012
1750,12-06-2012
1625,12-07-2012
1600,12-08-2012
1700,12-09-2012
1742,12-10-2012
1500,12-11-2012
1700,12-12-2012
1750,12/13/2012
1700,12/14/2012
1725,12/15/2012
1400,12/16/2012
1750,12/17/2012
1700,12/18/2012
1725,12/19/2012
1725,12/20/2012
1710,12/21/2012
1700,12/22/2012
1750,12/23/2012
1694,12/24/2012
1800,12/25/2012
1613,12/26/2012
1700,12/27/2012
1580,12/28/2012
1700,12/29/2012
1800,12/30/2012
1850,12/31/2012
1900,01-01-2013
1582,01-02-2013
1700,01-04-2013
1660,01-07-2013
1500,01-08-2013
1700,01-09-2013
1650,01-10-2013
1450,01-11-2013
1558,01-12-2013
1800,1/13/2013
1500,1/15/2013
1590,1/16/2013
1750,1/18/2013
1450,1/19/2013
1800,1/20/2013
1775,1/21/2013
1595,1/22/2013
1518,1/23/2013
1750,1/25/2013
1520,1/26/2013
1800,1/27/2013
1625,1/28/2013
1900,1/29/2013
1635,1/30/2013
1900,1/31/2013
1670,02-01-2013
1610,02-02-2013
1850,02-03-2013
1762,02-04-2013
1950,02-05-2013
1825,02-06-2013
1500,02-07-2013
1950,02-08-2013
1800,02-09-2013
1900,02-10-2013
1500,02-11-2013
1750,02-12-2013
1710,2/13/2013
1950,2/14/2013
1500,2/15/2013
1825,2/16/2013
1900,2/17/2013
1750,2/18/2013
1605,2/19/2013
1750,2/20/2013
1750,2/21/2013
1800,2/22/2013
1500,2/23/2013
1850,2/24/2013
1550,2/25/2013
1800,2/26/2013
1700,2/28/2013
1700,03-01-2013
1475,03-02-2013
1600,03-03-2013
1650,03-04-2013
1700,03-05-2013
1700,03-06-2013
1750,03-07-2013
1700,03-08-2013
1700,03-09-2013
1550,03-10-2013
1725,03-11-2013
1725,03-12-2013
1550,3/13/2013
1725,3/14/2013
1812,3/15/2013
1425,3/16/2013
1550,3/17/2013
1592,3/18/2013
1547,3/19/2013
1750,3/20/2013
1750,3/21/2013
1675,3/22/2013
1600,3/23/2013
1650,3/24/2013
1700,3/25/2013
1700,3/26/2013
1750,3/28/2013
1750,3/30/2013
1750,3/31/2013
1730,04-01-2013
1700,04-02-2013
1700,04-03-2013
1650,04-04-2013
1915,04-05-2013
1725,04-06-2013
1700,04-07-2013
1750,04-08-2013
1600,04-09-2013
1850,04-10-2013
1700,04-12-2013
1800,4/13/2013
1700,4/14/2013
1700,4/17/2013
1750,4/21/2013
1800,4/22/2013
1600,4/24/2013
1800,4/25/2013
1750,4/26/2013
1854,4/27/2013
1800,4/28/2013
1790,4/29/2013
1992,4/30/2013
1810,05-02-2013
1800,05-03-2013
1864,05-04-2013
1800,05-05-2013
1988,05-06-2013
2084,05-07-2013
1750,05-08-2013
1600,05-09-2013
1892,05-10-2013
1750,05-11-2013
1800,05-12-2013
1750,5/13/2013
1750,5/14/2013
1965,5/15/2013
1901,5/16/2013
1966,5/17/2013
1964,5/18/2013
1800,5/19/2013
1978,5/20/2013
1750,5/21/2013
2066,5/22/2013
1987,5/23/2013
2140,5/24/2013
1900,5/25/2013
1900,5/26/2013
2025,5/27/2013
1750,5/28/2013
1850,5/29/2013
2150,5/30/2013
1850,5/31/2013
1750,06-01-2013
1860,06-02-2013
1800,06-03-2013
1950,06-04-2013
1950,06-05-2013
1800,06-07-2013
1750,06-08-2013
1800,06-09-2013
1900,06-10-2013
1900,06-11-2013
2000,6/13/2013
1515,6/14/2013
1900,6/16/2013
1607,6/17/2013
1750,6/19/2013
1950,6/20/2013
1750,6/21/2013
1700,6/22/2013
1900,6/23/2013
1742,6/24/2013
1950,6/25/2013
1750,6/27/2013
1987,6/28/2013
1750,6/29/2013
1850,6/30/2013
1917,07-01-2013
1900,07-02-2013
1600,07-03-2013
1900,07-04-2013
1750,07-05-2013
1850,07-07-2013
2000,07-08-2013
1900,07-09-2013
1750,07-10-2013
1585,07-11-2013
1513,07-12-2013
1850,7/14/2013
1700,7/15/2013
1800,7/17/2013
1900,7/18/2013
1900,7/21/2013
1950,7/22/2013
1950,7/23/2013
1900,7/24/2013
1900,7/25/2013
2000,7/26/2013
1950,7/28/2013
1800,7/29/2013
1750,7/30/2013
1825,7/31/2013
1428,08-02-2013
1750,08-03-2013
1671,08-07-2013
1750,08-12-2013
1750,8/13/2013
1750,8/14/2013
1750,8/16/2013
1775,8/17/2013
1950,8/18/2013
1800,8/19/2013
2050,8/20/2013
1775,8/21/2013
2050,8/22/2013
1750,8/23/2013
1750,8/24/2013
1950,8/25/2013
1800,8/26/2013
1800,8/27/2013
1775,8/28/2013
1900,8/29/2013
2000,8/30/2013
1950,09-01-2013
1550,09-02-2013
1950,09-03-2013
1750,09-04-2013
1750,09-05-2013
2100,09-06-2013
1950,09-08-2013
1750,09-10-2013
1591,09-11-2013
1800,9/13/2013
1950,9/15/2013
1825,9/16/2013
1800,9/19/2013
1725,9/20/2013
1700,9/21/2013
1595,9/23/2013
2000,9/24/2013
1700,9/25/2013
1547,9/27/2013
1547,9/28/2013
1900,9/29/2013
1950,9/30/2013
1700,10-01-2013
1900,10-03-2013
2000,10-04-2013
1775,10-05-2013
1950,10-06-2013
1725,10-07-2013
2000,10-11-2013
1900,10/13/2013
1800,10/15/2013
2000,10/17/2013
1850,10/20/2013
1825,10/21/2013
2000,10/23/2013
1900,10/25/2013
1900,10/27/2013
1950,10/28/2013
2000,10/29/2013
1900,10/30/2013
1950,10/31/2013
1800,11-06-2013
1750,11-07-2013
1900,11-10-2013
1800,11-12-2013
1800,11/13/2013
1675,11/14/2013
1625,11/16/2013
1850,11/17/2013
1750,11/19/2013
1850,11/24/2013
2150,11/29/2013
1705,11/30/2013
1900,12-01-2013
1800,12-02-2013
1750,12-03-2013
1750,12-07-2013
1850,12-08-2013
1950,12/15/2013
1750,12/16/2013
1750,12/17/2013
1800,12/19/2013
1900,12/27/2013
1900,12/29/2013
1831,01-06-2014
1750,01-10-2014
1900,01-12-2014
1988,1/13/2014
1800,1/16/2014
1800,1/20/2014
1768,1/24/2014
1850,1/26/2014
1895,1/27/2014
1800,1/30/2014
1840,1/31/2014
1850,02-02-2014
1853,02-03-2014
1915,02-07-2014
1800,02-08-2014
1930,02-10-2014
1740,2/17/2014
1735,2/18/2014
1650,2/22/2014
1800,2/24/2014
1725,03-03-2014
1700,03-04-2014
1700,03-05-2014
1700,03-06-2014
1620,03-12-2014
1620,3/13/2014
1380,3/20/2014
1800,3/22/2014
1420,3/24/2014
1800,3/26/2014
1700,3/28/2014
1750,04-02-2014
1550,04-03-2014
1500,04-04-2014
1490,04-05-2014
1600,04-06-2014
1650,04-09-2014
1600,04-10-2014
1908,04-12-2014
1470,4/16/2014
2015,4/19/2014
1800,4/24/2014
1500,4/29/2014
1850,05-03-2014
1800,5/20/2014
2015,5/21/2014
1745,5/23/2014
1800,5/24/2014
1900,5/25/2014
1950,5/27/2014
1900,5/29/2014
1800,5/30/2014
1800,06-09-2014
1620,06-11-2014
1600,06-12-2014
1670,6/13/2014
1683,6/16/2014
1421,6/18/2014
1480,6/20/2014
1750,6/22/2014
1450,6/23/2014
1750,6/24/2014
1610,6/25/2014
1700,6/26/2014
1800,6/28/2014
1800,6/29/2014
1800,6/30/2014
1800,07-01-2014
1592,07-02-2014
1600,07-03-2014
1604,07-04-2014
1600,07-06-2014
1800,07-07-2014
1600,07-08-2014
1650,07-09-2014
1550,07-10-2014
1500,07-11-2014
1600,7/13/2014
1825,7/14/2014
1825,7/16/2014
1750,7/17/2014
1600,7/20/2014
1750,7/21/2014
1600,7/22/2014
1675,7/24/2014
1800,7/25/2014
1650,7/28/2014
1525,7/30/2014
1550,7/31/2014
1650,08-01-2014
1650,08-03-2014
1650,08-04-2014
1650,08-05-2014
1800,08-06-2014
1700,08-08-2014
1589,08-10-2014
1700,08-11-2014
1600,08-12-2014
1650,8/13/2014
1650,8/14/2014
1800,8/16/2014
1700,8/17/2014
1850,8/19/2014
1650,8/20/2014
1575,8/21/2014
1565,8/22/2014
1550,8/24/2014
1650,8/26/2014
1650,8/27/2014
1850,09-09-2014
1583,09-10-2014
1632,09-12-2014
1583,9/16/2014
1558,9/19/2014
1625,9/22/2014
1800,9/23/2014
1750,9/26/2014
1800,9/29/2014
1825,10-04-2014
1800,10-10-2014
1800,10/20/2014
1800,10/22/2014
1600,10/26/2014
1800,10/28/2014
1800,11-07-2014
1800,11/22/2014
1800,11/24/2014
1600,11/27/2014
1800,11/29/2014
1825,12-03-2014
1689,12-12-2014
1800,12/13/2014
1775,12/16/2014
1500,12/17/2014
1750,12/21/2014
1650,12/28/2014
1647,01-02-2015
1600,01-04-2015
1650,01-05-2015
1575,01-06-2015
1597,01-07-2015
1600,01-09-2015
1878,01-12-2015
1740,1/14/2015
1727,1/19/2015
1696,1/21/2015
1607,1/23/2015
1550,1/28/2015
1793,1/30/2015
1570,02-03-2015
1671,02-04-2015
1639,02-06-2015
1637,02-09-2015
1607,02-11-2015
1800,02-12-2015
1800,2/13/2015
1725,2/16/2015
1800,2/18/2015
1800,2/24/2015
1600,2/25/2015
1480,03-02-2015
1400,03-03-2015
1650,03-06-2015
1600,03-07-2015
1575,03-08-2015
1647,03-09-2015
1550,03-10-2015
1664,03-11-2015
1650,03-12-2015
1470,3/13/2015
1475,3/15/2015
1475,3/16/2015
1600,3/17/2015
1651,3/18/2015
1600,3/23/2015
1500,3/24/2015
1550,3/25/2015
1700,3/26/2015
1700,3/27/2015
1650,3/30/2015
1650,3/31/2015
1600,04-05-2015
1600,04-06-2015
1600,04-07-2015
1650,04-08-2015
1700,04-10-2015
1650,04-11-2015
1988,4/13/2015
1790,4/15/2015
1600,4/16/2015
1951,4/20/2015
1600,4/22/2015
1600,05-03-2015
1600,05-08-2015
1600,5/22/2015
1600,5/25/2015
1709,06-01-2015
1575,06-02-2015
1700,06-04-2015
1700,06-05-2015
1600,06-07-2015
1600,06-09-2015
1825,06-10-2015
1650,06-11-2015
1600,06-12-2015
1650,6/14/2015
1600,6/15/2015
1650,6/16/2015
1925,6/17/2015
1743,6/19/2015
1650,6/20/2015
1617,6/24/2015
1700,6/25/2015
1920,6/26/2015
1575,07-01-2015
1790,07-02-2015
1825,07-03-2015
1600,07-05-2015
2000,07-06-2015
2000,07-08-2015
1650,07-09-2015
1900,07-10-2015
1750,07-11-2015
1700,07-12-2015
2075,7/13/2015
1750,7/14/2015
1650,7/15/2015
1650,7/16/2015
2070,7/17/2015
1750,7/19/2015
1900,7/20/2015
1540,7/21/2015
1902,7/22/2015
1750,7/23/2015
1500,7/25/2015
1575,7/26/2015
1600,7/27/2015
1541,7/28/2015
1650,7/29/2015
1600,7/31/2015
1580,08-02-2015
1800,08-03-2015
1600,08-06-2015
1530,08-09-2015
1981,08-10-2015
1722,08-12-2015
1630,8/13/2015
1775,8/14/2015
1700,8/16/2015
1800,8/17/2015
1650,8/19/2015
1560,8/20/2015
1600,8/21/2015
1750,8/23/2015
1750,8/24/2015
1550,8/25/2015
1600,8/26/2015
1800,8/27/2015
1660,8/28/2015
1800,8/31/2015
2170,09-01-2015
2080,09-02-2015
1625,09-04-2015
1800,09-05-2015
1881,09-07-2015
1981,09-09-2015
1872,09-11-2015
1800,09-12-2015
2040,9/14/2015
1600,9/16/2015
1800,9/19/2015
1883,9/22/2015
1980,9/23/2015
1550,9/26/2015
2150,9/28/2015
1840,9/30/2015
1800,10-01-2015
2199,10-05-2015
1505,10-06-2015
1981,10-07-2015
1800,10-09-2015
1530,10-10-2015
1760,10-11-2015
1750,10-12-2015
1955,10/14/2015
1825,10/15/2015
1785,10/16/2015
1720,10/18/2015
2050,10/19/2015
1775,10/20/2015
1982,10/21/2015
1800,10/23/2015
1675,10/24/2015
1730,10/25/2015
2210,10/26/2015
1881,10/28/2015
1800,10/30/2015
1730,11-01-2015
1600,11-02-2015
1750,11-05-2015
2105,11-06-2015
1550,11-07-2015
1760,11-08-2015
1550,11-09-2015
1600,11/13/2015
1750,11/15/2015
1805,11/16/2015
1825,11/18/2015
1950,11/20/2015
2060,11/23/2015
1600,11/25/2015
1780,11/29/2015
2300,11/30/2015
1700,12-01-2015
1760,12-06-2015
2160,12-07-2015
1600,12-08-2015
2000,12-09-2015
1730,12/13/2015
1575,12/14/2015
2100,12/16/2015
1766,12/18/2015
1680,12/20/2015
2200,12/21/2015
1640,12/27/2015
1600,12/28/2015
1775,12/30/2015
1800,12/31/2015
2150,01-01-2016
1500,01-02-2016
1750,01-03-2016
1600,01-04-2016
1800,01-07-2016
1680,01-10-2016
1775,01-12-2016
1740,1/17/2016
1400,1/18/2016
1800,1/21/2016
1840,1/24/2016
1785,1/27/2016
1700,1/28/2016
1840,1/31/2016
2000,02-01-2016
1800,02-03-2016
1650,02-04-2016
2000,02-05-2016
1680,02-07-2016
2700,02-10-2016
1800,02-11-2016
2000,02-12-2016
1780,2/14/2016
2065,2/15/2016
1750,2/16/2016
2000,2/17/2016
1800,2/19/2016
2000,2/22/2016
1750,2/24/2016
1775,2/25/2016
1730,2/26/2016
1800,2/29/2016
1740,03-01-2016
2200,03-02-2016
1625,03-03-2016
1730,03-06-2016
1800,03-08-2016
2505,03-11-2016
1830,3/13/2016
2405,3/14/2016
1825,3/15/2016
2400,3/16/2016
1850,3/19/2016
1840,3/20/2016
2200,3/21/2016
1700,3/22/2016
1725,3/28/2016
1775,3/29/2016
1600,3/30/2016
1800,3/31/2016
2380,04-01-2016
1940,04-03-2016
2295,04-06-2016
1500,04-07-2016
1800,4/18/2016
1800,4/21/2016
2480,4/29/2016
2470,05-02-2016
1500,05-05-2016
1800,05-07-2016
2200,5/23/2016
1800,5/24/2016
2300,5/25/2016
2330,5/30/2016
2300,06-01-2016
2260,06-03-2016
1800,06-04-2016
2200,06-06-2016
2409,06-08-2016
2331,06-10-2016
2200,6/15/2016
1800,6/16/2016
1904,6/24/2016
2300,6/27/2016
2200,6/29/2016
2178,07-01-2016
1750,07-08-2016
1800,07-09-2016
1800,7/21/2016
1800,08-03-2016
1990,08-10-2016
1800,08-12-2016
1800,8/23/2016
1800,8/29/2016
2120,09-07-2016
1800,09-12-2016
2200,9/19/2016
1800,9/20/2016
2200,9/21/2016
2100,9/26/2016
1650,9/28/2016
2265,10-03-2016
1600,10-04-2016
2112,10-05-2016
1600,10-07-2016
2100,10/14/2016
2200,10/17/2016
2000,10/19/2016
2100,10/21/2016
1660,10/22/2016
2105,10/23/2016
2200,10/24/2016
1660,10/26/2016
2100,11-02-2016
1980,11-04-2016
1600,11-05-2016
2300,11-07-2016
2300,11-09-2016
2095,11/23/2016
2460,11/25/2016
2480,11/30/2016
2580,12-09-2016
2335,12/14/2016
2506,12/16/2016
2000,12/19/2016
1800,12/21/2016
2230,12/26/2016
1800,12/27/2016
2320,12/30/2016
2335,01-02-2017
2600,01-04-2017
1800,01-06-2017
2051,1/30/2017
2175,02-01-2017
1966,02-04-2017
1800,02-09-2017
1800,2/15/2017
1750,2/17/2017
1800,2/18/2017
1800,2/21/2017
1800,2/23/2017
1825,03-03-2017
1982,03-11-2017
1650,3/14/2017
2000,3/17/2017
1700,3/18/2017
1800,3/21/2017
1550,3/22/2017
1700,3/23/2017
1600,3/24/2017
1600,3/27/2017
1650,3/28/2017
1750,3/29/2017
1750,3/30/2017
2045,3/31/2017
1700,04-02-2017
2060,04-03-2017
1750,04-05-2017
1650,04-07-2017
2300,04-10-2017
1650,4/13/2017
2000,4/15/2017
2250,4/17/2017
1800,4/19/2017
2300,4/24/2017
2120,4/25/2017
1600,05-05-2017
1950,05-06-2017
2310,05-08-2017
1650,05-09-2017
2160,05-11-2017
2310,05-12-2017
2160,5/13/2017
2310,5/15/2017
2400,5/17/2017
2282,5/19/2017
2300,5/24/2017
1750,5/26/2017
2300,5/29/2017
2325,5/31/2017
2310,06-02-2017
2310,06-03-2017
2330,06-05-2017
1700,06-07-2017
1725,06-08-2017
1725,06-09-2017
1725,06-10-2017
1600,06-11-2017
1750,06-12-2017
1725,6/13/2017
2250,6/14/2017
2100,6/16/2017
1600,6/18/2017
2200,6/19/2017
1750,6/20/2017
1750,6/23/2017
1600,6/24/2017
1650,6/25/2017
1600,6/26/2017
2255,6/28/2017
2230,6/30/2017
1600,07-02-2017
2280,07-03-2017
1725,07-05-2017
2100,07-07-2017
1650,07-09-2017
2102,07-10-2017
1895,07-12-2017
2250,7/14/2017
2300,7/15/2017
1800,7/16/2017
2235,7/18/2017
1895,7/19/2017
1600,7/20/2017
2112,7/21/2017
1550,7/23/2017
2180,7/24/2017
1775,7/25/2017
1850,7/26/2017
1650,7/30/2017
2235,7/31/2017
2300,08-02-2017
1820,08-03-2017
2310,08-04-2017
1550,08-06-2017
1700,08-07-2017
2250,08-08-2017
2112,08-09-2017
2187,08-11-2017
1800,8/14/2017
2240,8/16/2017
1825,8/18/2017
2310,8/19/2017
1500,8/20/2017
2225,8/23/2017
2330,8/24/2017
2312,8/26/2017
1550,8/27/2017
1850,8/28/2017
2260,8/30/2017
1700,8/31/2017
1935,09-04-2017
1725,09-06-2017
1825,09-07-2017
1990,09-08-2017
1700,09-10-2017
1800,09-11-2017
1980,9/13/2017
2000,9/15/2017
1800,9/18/2017
1775,9/19/2017
1750,9/20/2017
1600,9/21/2017
1750,9/22/2017
1800,9/23/2017
1851,9/25/2017
1760,9/26/2017
1700,9/27/2017
1800,9/29/2017
1750,9/30/2017
1750,10-03-2017
1951,10-04-2017
1805,10-09-2017
1700,10/16/2017
2004,10/23/2017
1965,10/25/2017
1955,10/27/2017
1955,10/28/2017
1700,11-03-2017
1800,11-04-2017
1650,11-06-2017
1700,11-07-2017
1700,11-08-2017
1805,11/13/2017
1750,11/15/2017
1800,11/17/2017
1801,11/20/2017
1845,11/22/2017
1750,11/23/2017
1855,11/25/2017
1600,11/27/2017
1600,11/29/2017
1956,12-04-2017
1600,12-06-2017
1700,12-08-2017
1700,12-11-2017
1955,12/13/2017
1605,12/14/2017
1965,12/15/2017
1700,12/16/2017
1740,12/18/2017
1956,12/20/2017
1968,12/22/2017
1905,12/27/2017
2000,12/29/2017
1986,01-01-2018
1990,01-03-2018
1960,01-05-2018
1955,01-08-2018
1800,01-09-2018
2105,01-10-2018
2051,01-12-2018
1770,1/17/2018
1805,1/19/2018
2120,1/22/2018
2150,1/24/2018
1901,1/29/2018
1905,02-02-2018
1801,02-05-2018
1865,02-07-2018
1901,02-09-2018
1801,02-12-2018
1901,2/14/2018
1700,2/16/2018
2001,2/21/2018
1650,2/23/2018
2050,03-05-2018
2041,03-07-2018
2155,03-09-2018
1700,03-10-2018
2101,03-12-2018
1950,3/16/2018
2051,3/19/2018
2050,3/23/2018
1650,3/30/2018
